Année_hydro,month_fr,P_mm,month_num,month_en,T_C,hydro_year_start,date,I_annual,PET_mm,WB_surplus_mm
1981/82,Sep,0.0,9,Sep,22.7,1981,1981-09-01,85.45203147921131,102.2178171289837,0.0
1981/82,Oct,0.0,10,Oct,20.0,1981,1981-10-01,85.45203147921131,75.63510214242089,0.0
1981/82,Nov,0.0,11,Nov,15.2,1981,1981-11-01,85.45203147921131,39.868703013084755,0.0
1981/82,Dec,0.0,12,Dec,14.2,1981,1981-12-01,85.45203147921131,34.59739606369307,0.0
1981/82,Jan,0.5,1,Jan,11.8,1981,1982-01-01,85.45203147921131,24.988506214013032,0.0
1981/82,Fev,12.95,2,Feb,11.5,1981,1982-02-01,85.45203147921131,23.309228508339967,0.0
1981/82,Mars,7.11,3,Mar,13.6,1981,1982-03-01,85.45203147921131,38.695765422128886,0.0
1981/82,Avr,16.25,4,Apr,14.1,1981,1982-04-01,85.45203147921131,44.024560421801894,0.0
1981/82,Mai,36.84,5,May,17.7,1981,1982-05-01,85.45203147921131,74.96339912370371,0.0
1981/82,Juin,2.28,6,Jun,23.4,1981,1982-06-01,85.45203147921131,127.01219668047194,0.0
1981/82,Juill,1.02,7,Jul,25.7,1981,1982-07-01,85.45203147921131,154.39580945356553,0.0
1981/82,Aout,3.3,8,Aug,25.2,1981,1982-08-01,85.45203147921131,140.3091890424817,0.0
1982/83,Sep,0.76,9,Sep,22.5,1982,1982-09-01,76.90897935948709,103.19659303732853,0.0
1982/83,Oct,24.38,10,Oct,17.2,1982,1982-10-01,76.90897935948709,61.02726812058255,0.0
1982/83,Nov,109.47,11,Nov,13.9,1982,1982-11-01,76.90897935948709,37.364084086793554,72.10591591320645
1982/83,Dec,79.26,12,Dec,9.6,1982,1982-12-01,76.90897935948709,19.487030883353714,59.772969116646294
1982/83,Jan,0.0,1,Jan,8.4,1982,1983-01-01,76.90897935948709,15.845936092626253,0.0
1982/83,Fev,27.3,2,Feb,9.7,1982,1983-02-01,76.90897935948709,19.876557006283367,7.423442993716634
1982/83,Mars,13.0,3,Mar,13.9,1982,1983-03-01,76.90897935948709,44.70844346781396,0.0
1982/83,Avr,28.0,4,Apr,15.4,1982,1983-04-01,76.90897935948709,56.69374302872161,0.0
1982/83,Mai,7.61,5,May,17.6,1982,1983-05-01,76.90897935948709,79.19277091553427,0.0
1982/83,Juin,0.0,6,Jun,22.8,1982,1983-06-01,76.90897935948709,123.8983283245533,0.0
1982/83,Juill,0.25,7,Jul,24.0,1982,1983-07-01,76.90897935948709,137.90557177214765,0.0
1982/83,Aout,0.25,8,Aug,24.0,1982,1983-08-01,76.90897935948709,130.04383317210616,0.0
1983/84,Sep,0.5,9,Sep,24.2,1983,1983-09-01,79.85842795115042,116.39717878456517,0.0
1983/84,Oct,0.0,10,Oct,20.0,1983,1983-10-01,79.85842795115042,77.91975054658441,0.0
1983/84,Nov,16.9,11,Nov,16.4,1983,1983-11-01,79.85842795115042,48.397803812946734,0.0
1983/84,Dec,59.94,12,Dec,11.3,1983,1983-12-01,79.85842795115042,24.639835260057115,35.300164739942886
1983/84,Jan,49.03,1,Jan,9.6,1983,1984-01-01,79.85842795115042,18.87687629633805,30.15312370366195
1983/84,Fev,24.39,2,Feb,10.1,1983,1984-02-01,79.85842795115042,20.226263566250207,4.1637364337497935
1983/84,Mars,22.09,3,Mar,11.6,1983,1984-03-01,79.85842795115042,31.314595301419246,0.0
1983/84,Avr,2.8,4,Apr,16.2,1983,1984-04-01,79.85842795115042,60.23135277457563,0.0
1983/84,Mai,101.85,5,May,15.4,1983,1984-05-01,79.85842795115042,61.105654856010986,40.74434514398901
1983/84,Juin,4.56,6,Jun,20.0,1983,1984-06-01,79.85842795115042,97.37592575274091,0.0
1983/84,Juill,0.0,7,Jul,25.6,1983,1984-07-01,79.85842795115042,153.80504441149637,0.0
1983/84,Aout,0.0,8,Aug,24.0,1983,1984-08-01,79.85842795115042,129.33402400660435,0.0
1984/85,Sep,10.41,9,Sep,23.4,1984,1984-09-01,81.65082133410252,109.19673269926847,0.0
1984/85,Oct,2.03,10,Oct,17.0,1984,1984-10-01,81.65082133410252,57.52721491365644,0.0
1984/85,Nov,65.53,11,Nov,15.2,1984,1984-11-01,81.65082133410252,41.509768901123316,24.020231098876685
1984/85,Dec,5.84,12,Dec,12.2,1984,1984-12-01,81.65082133410252,27.50751458179219,0.0
1984/85,Jan,38.68,1,Jan,9.2,1984,1985-01-01,81.65082133410252,16.893955151788273,21.786044848211727
1984/85,Fev,14.6,2,Feb,13.7,1984,1985-02-01,81.65082133410252,33.99390929227987,0.0
1984/85,Mars,27.68,3,Mar,11.3,1984,1985-03-01,81.65082133410252,29.050240633946682,0.0
1984/85,Avr,28.45,4,Apr,15.8,1984,1985-04-01,81.65082133410252,56.62710194433531,0.0
1984/85,Mai,37.59,5,May,17.0,1984,1985-05-01,81.65082133410252,71.75396604493348,0.0
1984/85,Juin,0.0,6,Jun,22.3,1984,1985-06-01,81.65082133410252,117.45688198274887,0.0
1984/85,Juill,0.0,7,Jul,25.3,1984,1985-07-01,81.65082133410252,150.38505943218678,0.0
1984/85,Aout,0.0,8,Aug,25.5,1984,1985-08-01,81.65082133410252,143.84633294855573,0.0
1985/86,Sep,6.86,9,Sep,23.9,1985,1985-09-01,82.70115532616026,113.22403145153855,0.0
1985/86,Oct,0.0,10,Oct,19.3,1985,1985-10-01,82.70115532616026,71.91801191523642,0.0
1985/86,Nov,31.71,11,Nov,15.9,1985,1985-11-01,82.70115532616026,44.578275748872116,0.0
1985/86,Dec,22.37,12,Dec,11.6,1985,1985-12-01,82.70115532616026,24.700734748322827,0.0
1985/86,Jan,44.21,1,Jan,10.5,1985,1986-01-01,82.70115532616026,21.066351889229654,23.143648110770346
1985/86,Fev,97.79,2,Feb,11.4,1985,1986-02-01,82.70115532616026,23.974163806276394,73.81583619372361
1985/86,Mars,91.19,3,Mar,12.3,1985,1986-03-01,82.70115532616026,33.35444710148675,57.83555289851325
1985/86,Avr,29.98,4,Apr,12.8,1985,1986-04-01,82.70115532616026,38.13514230729658,0.0
1985/86,Mai,5.58,5,May,18.8,1985,1986-05-01,82.70115532616026,85.4992039784564,0.0
1985/86,Juin,1.27,6,Jun,21.1,1985,1986-06-01,82.70115532616026,105.79498784530746,0.0
1985/86,Juill,0.0,7,Jul,25.2,1985,1986-07-01,82.70115532616026,149.16575322373674,0.0
1985/86,Aout,4.07,8,Aug,26.5,1985,1986-08-01,82.70115532616026,154.21599277093043,0.0
1986/87,Sep,20.57,9,Sep,23.0,1986,1986-09-01,81.64711807893771,105.84445311173394,0.0
1986/87,Oct,49.79,10,Oct,19.1,1986,1986-10-01,81.64711807893771,71.0215862565692,0.0
1986/87,Nov,132.08,11,Nov,13.5,1986,1986-11-01,81.64711807893771,33.49574171038317,98.58425828961684
1986/87,Dec,27.17,12,Dec,10.5,1986,1986-12-01,81.64711807893771,20.96940247908936,6.200597520910641
1986/87,Jan,89.17,1,Jan,10.3,1986,1987-01-01,81.64711807893771,20.724790969998217,68.44520903000179
1986/87,Fev,106.16,2,Feb,11.5,1986,1987-02-01,81.64711807893771,24.768600523524288,81.39139947647571
1986/87,Mars,6.1,3,Mar,13.14,1986,1987-03-01,81.64711807893771,38.16725159528781,0.0
1986/87,Avr,105.76,4,Apr,16.8,1986,1987-04-01,81.64711807893771,63.277871839923286,42.48212816007672
1986/87,Mai,19.56,5,May,18.2,1986,1987-05-01,81.64711807893771,81.17909940134035,0.0
1986/87,Juin,0.25,6,Jun,22.3,1986,1987-06-01,81.64711807893771,117.45828980641893,0.0
1986/87,Juill,8.88,7,Jul,24.2,1986,1987-07-01,81.64711807893771,138.76644057180013,0.0
1986/87,Aout,3.81,8,Aug,25.4,1986,1987-08-01,81.64711807893771,142.82790638777496,0.0
1987/88,Sep,6.43,9,Sep,24.4,1987,1987-09-01,85.69230884452806,117.05506123165208,0.0
1987/88,Oct,125.47,10,Oct,19.5,1987,1987-10-01,85.69230884452806,72.01353827650648,53.45646172349352
1987/88,Nov,16.0,11,Nov,14.3,1987,1987-11-01,85.69230884452806,35.44034206285103,0.0
1987/88,Dec,8.64,12,Dec,12.9,1987,1987-12-01,85.69230884452806,28.781346353550802,0.0
1987/88,Jan,53.6,1,Jan,12.1,1987,1988-01-01,85.69230884452806,26.101669931344386,27.498330068655616
1987/88,Fev,31.75,2,Feb,11.1,1987,1988-02-01,85.69230884452806,21.718372832529607,10.031627167470393
1987/88,Mars,3.81,3,Mar,14.0,1987,1988-03-01,85.69230884452806,40.74379225350321,0.0
1987/88,Avr,26.16,4,Apr,16.2,1987,1988-04-01,85.69230884452806,57.03868752373287,0.0
1987/88,Mai,20.57,5,May,18.1,1987,1988-05-01,85.69230884452806,78.04486661648527,0.0
1987/88,Juin,12.2,6,Jun,20.9,1987,1988-06-01,85.69230884452806,102.57142491336214,0.0
1987/88,Juill,1.02,7,Jul,24.9,1987,1988-07-01,85.69230884452806,145.4359254941076,0.0
1987/88,Aout,0.0,8,Aug,26.9,1987,1988-08-01,85.69230884452806,158.66460766506276,0.0
1988/89,Sep,18.28,9,Sep,22.7,1988,1988-09-01,84.56838030456663,102.48343614401915,0.0
1988/89,Oct,16.51,10,Oct,20.0,1988,1988-10-01,84.56838030456663,75.99683036536175,0.0
1988/89,Nov,14.23,11,Nov,15.7,1988,1988-11-01,84.56838030456663,42.75260379053065,0.0
1988/89,Dec,3.05,12,Dec,9.5,1988,1988-12-01,84.56838030456663,16.525708532685606,0.0
1988/89,Jan,20.82,1,Jan,9.8,1988,1989-01-01,84.56838030456663,17.920518724936528,2.899481275063472
1988/89,Fev,41.41,2,Feb,11.7,1988,1989-02-01,84.56838030456663,24.417016128328147,16.99298387167185
1988/89,Mars,107.96,3,Mar,13.4,1988,1989-03-01,84.56838030456663,38.072891280837986,69.887108719162
1988/89,Avr,53.6,4,Apr,14.5,1988,1989-04-01,84.56838030456663,46.884552008687535,6.715447991312466
1988/89,Mai,17.76,5,May,18.0,1988,1989-05-01,84.56838030456663,77.88322823919543,0.0
1988/89,Juin,5.84,6,Jun,21.8,1988,1989-06-01,84.56838030456663,111.52925497912167,0.0
1988/89,Juill,0.51,7,Jul,26.8,1988,1989-07-01,84.56838030456663,167.0232697433523,0.0
1988/89,Aout,6.61,8,Aug,27.8,1988,1989-08-01,84.56838030456663,168.6367978869424,0.0
1989/90,Sep,17.53,9,Sep,23.2,1989,1989-09-01,89.10324568479456,105.51584436257156,0.0
1989/90,Oct,4.57,10,Oct,20.0,1989,1989-10-01,89.10324568479456,74.135616077571,0.0
1989/90,Nov,35.32,11,Nov,16.8,1989,1989-11-01,89.10324568479456,46.58372774689656,0.0
1989/90,Dec,15.25,12,Dec,15.0,1989,1989-12-01,89.10324568479456,36.81868203718868,0.0
1989/90,Jan,95.51,1,Jan,10.1,1989,1990-01-01,89.10324568479456,17.39223818669756,78.11776181330245
1989/90,Fev,1.27,2,Feb,12.9,1989,1990-02-01,89.10324568479456,27.47213647527737,0.0
1989/90,Mars,27.18,3,Mar,14.4,1989,1990-03-01,89.10324568479456,41.240278349578645,0.0
1989/90,Avr,77.21,4,Apr,14.6,1989,1990-04-01,89.10324568479456,45.03529622699516,32.174703773004836
1989/90,Mai,11.8,5,May,18.8,1989,1990-05-01,89.10324568479456,81.93655650476049,0.0
1989/90,Juin,4.82,6,Jun,22.8,1989,1990-06-01,89.10324568479456,119.68832382576359,0.0
1989/90,Juill,2.03,7,Jul,26.1,1989,1990-07-01,89.10324568479456,158.83900707877788,0.0
1989/90,Aout,0.51,8,Aug,26.5,1989,1990-08-01,89.10324568479456,154.30334368916797,0.0
1990/91,Sep,19.07,9,Sep,26.4,1990,1990-09-01,82.70540534119193,135.8178568158075,0.0
1990/91,Oct,7.87,10,Oct,19.2,1990,1990-10-01,82.70540534119193,71.23613299943771,0.0
1990/91,Nov,42.68,11,Nov,14.1,1990,1990-11-01,82.70540534119193,35.782791709123686,6.897208290876314
1990/91,Dec,42.92,12,Dec,10.3,1990,1990-12-01,82.70540534119193,19.87325188780541,23.046748112194592
1990/91,Jan,37.33,1,Jan,8.9,1990,1991-01-01,82.70540534119193,15.568232428583354,21.761767571416645
1990/91,Fev,54.86,2,Feb,10.0,1990,1991-02-01,82.70540534119193,18.864164388522006,35.99583561147799
1990/91,Mars,112.0,3,Mar,12.5,1990,1991-03-01,82.70540534119193,34.350930278604544,77.64906972139545
1990/91,Avr,9.89,4,Apr,13.7,1990,1991-04-01,82.70540534119193,43.17908203500106,0.0
1990/91,Mai,8.13,5,May,16.8,1990,1991-05-01,82.70540534119193,69.59985036668684,0.0
1990/91,Juin,0.0,6,Jun,21.8,1990,1991-06-01,82.70540534119193,112.30027342362531,0.0
1990/91,Juill,0.76,7,Jul,26.1,1990,1991-07-01,82.70540534119193,159.05254139197405,0.0
1990/91,Aout,0.51,8,Aug,27.5,1990,1991-08-01,82.70540534119193,165.02567683369233,0.0
1991/92,Sep,3.55,9,Sep,24.5,1991,1991-09-01,79.5724056791506,119.02159803713991,0.0
1991/92,Oct,35.82,10,Oct,17.3,1991,1991-10-01,79.5724056791506,60.367116319051746,0.0
1991/92,Nov,17.53,11,Nov,13.4,1991,1991-11-01,79.5724056791506,33.932198712940796,0.0
1991/92,Dec,21.85,12,Dec,10.6,1991,1991-12-01,79.5724056791506,22.102161024289384,0.0
1991/92,Jan,4.57,1,Jan,8.9,1991,1992-01-01,79.5724056791506,16.598090990321726,0.0
1991/92,Fev,18.79,2,Feb,10.8,1991,1992-02-01,79.5724056791506,22.890361300801064,0.0
1991/92,Mars,80.54,3,Mar,12.3,1991,1992-03-01,79.5724056791506,34.889518826819334,45.65048117318067
1991/92,Avr,30.24,4,Apr,15.7,1991,1992-04-01,79.5724056791506,57.128600759070835,0.0
1991/92,Mai,47.75,5,May,18.9,1991,1992-05-01,79.5724056791506,88.05983259720793,0.0
1991/92,Juin,55.13,6,Jun,19.5,1991,1992-06-01,79.5724056791506,93.24733182130338,0.0
1991/92,Juill,4.57,7,Jul,24.6,1991,1992-07-01,79.5724056791506,143.35702169808363,0.0
1991/92,Aout,0.25,8,Aug,26.8,1991,1992-08-01,79.5724056791506,157.31826560209112,0.0
1992/93,Sep,1.02,9,Sep,23.0,1992,1992-09-01,79.97669044967748,106.31381927452556,0.0
1992/93,Oct,13.72,10,Oct,17.7,1992,1992-10-01,79.97669044967748,62.66988627365046,0.0
1992/93,Nov,21.34,11,Nov,13.8,1992,1992-11-01,79.97669044967748,35.57147222446336,0.0
1992/93,Dec,14.98,12,Dec,11.7,1992,1992-12-01,79.97669044967748,26.16269078718209,0.0
1992/93,Jan,1.02,1,Jan,8.8,1992,1993-01-01,79.97669044967748,16.135612201863086,0.0
1992/93,Fev,57.65,2,Feb,10.2,1992,1993-02-01,79.97669044967748,20.540130249029097,37.1098697509709
1992/93,Mars,40.13,3,Mar,13.8,1992,1993-03-01,79.97669044967748,42.56347221893891,0.0
1992/93,Avr,33.26,4,Apr,15.4,1992,1993-04-01,79.97669044967748,54.986195068304056,0.0
1992/93,Mai,54.6,5,May,17.5,1992,1993-05-01,79.97669044967748,76.60516356309877,0.0
1992/93,Juin,0.0,6,Jun,21.5,1992,1993-06-01,79.97669044967748,110.66702371175371,0.0
1992/93,Juill,0.0,7,Jul,24.9,1992,1993-07-01,79.97669044967748,146.39692127852527,0.0
1992/93,Aout,257.3,8,Aug,26.2,1992,1993-08-01,79.97669044967748,151.12312034136292,106.17687965863709
1993/94,Sep,7.62,9,Sep,21.1,1993,1993-09-01,84.58679979664701,89.418402936203,0.0
1993/94,Oct,9.15,10,Oct,17.5,1993,1993-10-01,84.58679979664701,59.237130233081864,0.0
1993/94,Nov,72.14,11,Nov,14.3,1993,1993-11-01,84.58679979664701,35.911080390260686,36.228919609739314
1993/94,Dec,8.89,12,Dec,11.1,1993,1993-12-01,84.58679979664701,22.084039835561484,0.0
1993/94,Jan,77.98,1,Jan,10.0,1993,1994-01-01,84.58679979664701,18.602053777513834,59.37794622248617
1993/94,Fev,35.81,2,Feb,11.4,1993,1994-02-01,84.58679979664701,23.25555577486527,12.55444422513473
1993/94,Mars,3.3,3,Mar,13.5,1993,1994-03-01,84.58679979664701,38.59517150602846,0.0
1993/94,Avr,109.99,4,Apr,14.8,1993,1994-04-01,84.58679979664701,48.69946468130902,61.29053531869098
1993/94,Mai,19.56,5,May,19.5,1993,1994-05-01,84.58679979664701,90.41030453539801,0.0
1993/94,Juin,0.0,6,Jun,22.6,1993,1994-06-01,84.58679979664701,119.27540000229354,0.0
1993/94,Juill,4.06,7,Jul,28.2,1993,1994-07-01,84.58679979664701,183.66387635096348,0.0
1993/94,Aout,7.11,8,Aug,27.8,1993,1994-08-01,84.58679979664701,168.63988091990376,0.0
1994/95,Sep,8.65,9,Sep,22.3,1994,1994-09-01,89.81513907186137,97.43048680652728,0.0
1994/95,Oct,13.97,10,Oct,19.6,1994,1994-10-01,89.81513907186137,70.9624622836759,0.0
1994/95,Nov,39.12,11,Nov,15.6,1994,1994-11-01,89.81513907186137,39.99859611699554,0.0
1994/95,Dec,22.62,12,Dec,11.7,1994,1994-12-01,89.81513907186137,22.39101930858749,0.22898069141250943
1994/95,Jan,14.48,1,Jan,10.9,1994,1995-01-01,89.81513907186137,19.930661696218706,0.0
1994/95,Fev,33.53,2,Feb,12.9,1994,1995-02-01,89.81513907186137,27.19026788821889,6.33973211178111
1994/95,Mars,151.38,3,Mar,13.7,1994,1995-03-01,89.81513907186137,37.06138061686082,114.31861938313918
1994/95,Avr,20.07,4,Apr,15.3,1994,1995-04-01,89.81513907186137,48.966432506417,0.0
1994/95,Mai,0.76,5,May,20.0,1994,1995-05-01,89.81513907186137,92.10366515099581,0.0
1994/95,Juin,2.28,6,Jun,27.7,1994,1995-06-01,89.81513907186137,175.23467947671736,0.0
1994/95,Juill,0.0,7,Jul,25.4,1994,1995-07-01,89.81513907186137,150.54301655406283,0.0
1994/95,Aout,0.0,8,Aug,26.3,1994,1995-08-01,89.81513907186137,152.03498280807608,0.0
1995/96,Sep,12.26,9,Sep,21.5,1995,1995-09-01,86.02774527304229,92.0736567812948,0.0
1995/96,Oct,10.68,10,Oct,20.0,1995,1995-10-01,86.02774527304229,75.39921405911748,0.0
1995/96,Nov,13.21,11,Nov,17.0,1995,1995-11-01,86.02774527304229,48.97217099107826,0.0
1995/96,Dec,58.8,12,Dec,14.3,1995,1995-12-01,86.02774527304229,34.8160469096608,23.9839530903392
1995/96,Jan,53.36,1,Jan,13.6,1995,1996-01-01,86.02774527304229,32.398610376786,20.961389623213996
1995/96,Fev,83.56,2,Feb,11.0,1995,1996-02-01,86.02774527304229,21.228224209793964,62.33177579020604
1995/96,Mars,37.09,3,Mar,13.0,1995,1996-03-01,86.02774527304229,35.26312189792302,1.8268781020769822
1995/96,Avr,25.39,4,Apr,15.4,1995,1996-04-01,86.02774527304229,51.65802595532944,0.0
1995/96,Mai,17.43,5,May,18.1,1995,1996-05-01,86.02774527304229,77.8517104124632,0.0
1995/96,Juin,1.02,6,Jun,22.9,1995,1996-06-01,86.02774527304229,121.7584534585599,0.0
1995/96,Juill,1.02,7,Jul,25.1,1995,1996-07-01,86.02774527304229,147.59925876808748,0.0
1995/96,Aout,0.51,8,Aug,24.9,1995,1996-08-01,86.02774527304229,137.09277745808447,0.0
1996/97,Sep,36.07,9,Sep,21.0,1996,1996-09-01,82.70931466508051,89.36748053970342,0.0
1996/97,Oct,21.6,10,Oct,17.3,1996,1996-10-01,82.70931466508051,58.87312462352,0.0
1996/97,Nov,0.25,11,Nov,15.3,1996,1996-11-01,82.70931466508051,41.54643547179015,0.0
1996/97,Dec,38.35,12,Dec,13.4,1996,1996-12-01,82.70931466508051,32.15415391733682,6.195846082663181
1996/97,Jan,109.22,1,Jan,12.3,1996,1997-01-01,82.70931466508051,28.132622082741772,81.08737791725822
1996/97,Fev,0.0,2,Feb,12.3,1996,1997-02-01,82.70931466508051,27.545149752710355,0.0
1996/97,Mars,1.02,3,Mar,13.6,1996,1997-03-01,82.70931466508051,40.07832608909539,0.0
1996/97,Avr,43.7,4,Apr,16.8,1996,1997-04-01,82.70931466508051,62.70229094440533,0.0
1996/97,Mai,12.96,5,May,19.1,1996,1997-05-01,82.70931466508051,88.00646246738557,0.0
1996/97,Juin,5.09,6,Jun,22.4,1996,1997-06-01,82.70931466508051,118.0161911050926,0.0
1996/97,Juill,2.54,7,Jul,23.4,1996,1997-07-01,82.70931466508051,130.25642530484257,0.0
1996/97,Aout,12.7,8,Aug,24.7,1996,1997-08-01,82.70931466508051,135.59843895767693,0.0
1997/98,Sep,40.67,9,Sep,23.2,1997,1997-09-01,87.44077575973574,105.96260862189847,0.0
1997/98,Oct,21.08,10,Oct,20.5,1997,1997-10-01,87.44077575973574,78.45419498882158,0.0
1997/98,Nov,56.64,11,Nov,15.9,1997,1997-11-01,87.44077575973574,42.54147907977039,14.09852092022961
1997/98,Dec,29.72,12,Dec,12.6,1997,1997-12-01,87.44077575973574,26.838625544286803,2.881374455713196
1997/98,Jan,33.54,1,Jan,11.5,1997,1998-01-01,87.44077575973574,23.04395556318152,10.49604443681848
1997/98,Fev,35.06,2,Feb,12.9,1997,1998-02-01,87.44077575973574,28.134534951859077,6.925465048140925
1997/98,Mars,26.17,3,Mar,13.8,1997,1998-03-01,87.44077575973574,38.77616522216166,0.0
1997/98,Avr,28.21,4,Apr,15.2,1997,1998-04-01,87.44077575973574,49.62568699423652,0.0
1997/98,Mai,68.32,5,May,17.3,1997,1998-05-01,87.44077575973574,70.62980350592474,0.0
1997/98,Juin,1.02,6,Jun,23.0,1997,1998-06-01,87.44077575973574,122.29979681587832,0.0
1997/98,Juill,2.03,7,Jul,25.8,1997,1998-07-01,87.44077575973574,155.39547613577633,0.0
1997/98,Aout,3.56,8,Aug,26.6,1997,1998-08-01,87.44077575973574,155.39031690036992,0.0
1998/99,Sep,9.15,9,Sep,23.7,1998,1998-09-01,84.49892055822599,111.07819260439399,0.0
1998/99,Oct,2.28,10,Oct,17.7,1998,1998-10-01,84.49892055822599,60.54721531408361,0.0
1998/99,Nov,40.49,11,Nov,14.5,1998,1998-11-01,84.49892055822599,36.891087330803735,3.5989126691962667
1998/99,Dec,0.51,12,Dec,10.3,1998,1998-12-01,84.49892055822599,19.23917102726052,0.0
1998/99,Jan,0.0,1,Jan,11.1,1998,1999-01-01,84.49892055822599,22.632438071988982,0.0
1998/99,Fev,0.0,2,Feb,10.1,1998,1999-02-01,84.49892055822599,18.58513002545215,0.0
1998/99,Mars,77.7,3,Mar,13.2,1998,1999-03-01,84.49892055822599,37.05464976610935,40.64535023389065
1998/99,Avr,0.0,4,Apr,15.8,1998,1999-04-01,84.49892055822599,55.063373041275405,0.0
1998/99,Mai,0.0,5,May,19.9,1998,1999-05-01,84.49892055822599,93.94507752174759,0.0
1998/99,Juin,0.0,6,Jun,23.0,1998,1999-06-01,84.49892055822599,123.27178651682759,0.0
1998/99,Juill,0.0,7,Jul,25.8,1998,1999-07-01,84.49892055822599,155.5947529005205,0.0
1998/99,Aout,0.0,8,Aug,26.8,1998,1999-08-01,84.49892055822599,157.4984975610218,0.0
1999/00,Sep,0.0,9,Sep,23.1,1999,1999-09-01,86.28360565759836,105.40523642896038,0.0
1999/00,Oct,17.27,10,Oct,20.6,1999,1999-10-01,86.28360565759836,79.63972477101903,0.0
1999/00,Nov,63.24,11,Nov,13.1,1999,1999-11-01,86.28360565759836,29.79591035105471,33.444089648945294
1999/00,Dec,76.96,12,Dec,11.0,1999,1999-12-01,86.28360565759836,21.09382385090447,55.86617614909552
1999/00,Jan,0.0,1,Jan,8.7,1999,2000-01-01,86.28360565759836,13.829048434052233,0.0
1999/00,Fev,0.0,2,Feb,12.9,1999,2000-02-01,86.28360565759836,28.59907174690085,0.0
1999/00,Mars,10.16,3,Mar,13.7,1999,2000-03-01,86.28360565759836,38.8159603614557,0.0
1999/00,Avr,21.59,4,Apr,15.5,1999,2000-04-01,86.28360565759836,52.155226680098814,0.0
1999/00,Mai,24.13,5,May,19.6,1999,2000-05-01,86.28360565759836,90.38163314610719,0.0
1999/00,Juin,0.0,6,Jun,24.1,1999,2000-06-01,86.28360565759836,134.0587913260552,0.0
1999/00,Juill,0.0,7,Jul,26.1,1999,2000-07-01,86.28360565759836,158.92131916683678,0.0
1999/00,Aout,1.02,8,Aug,26.4,1999,2000-08-01,86.28360565759836,153.14810864357867,0.0
2000/01,Sep,5.08,9,Sep,23.3,2000,2000-09-01,88.61160789812314,106.53539547916644,0.0
2000/01,Oct,60.2,10,Oct,17.8,2000,2000-10-01,88.61160789812314,59.26474859457378,0.9352514054262215
2000/01,Nov,72.9,11,Nov,14.3,2000,2000-11-01,88.61160789812314,34.20604130016025,38.693958699839754
2000/01,Dec,30.22,12,Dec,13.0,2000,2000-12-01,88.61160789812314,28.03126480817857,2.1887351918214293
2000/01,Jan,72.38,1,Jan,12.1,2000,2001-01-01,88.61160789812314,24.949749498932114,47.43025050106788
2000/01,Fev,46.24,2,Feb,11.5,2000,2001-02-01,88.61160789812314,22.128417010797957,24.111582989202045
2000/01,Mars,16.0,3,Mar,15.8,2000,2001-03-01,88.61160789812314,49.691130505563365,0.0
2000/01,Avr,1.02,4,Apr,16.2,2000,2001-04-01,88.61160789812314,55.4518609057183,0.0
2000/01,Mai,3.06,5,May,18.7,2000,2001-05-01,88.61160789812314,81.36260341623962,0.0
2000/01,Juin,0.0,6,Jun,24.8,2000,2001-06-01,88.61160789812314,141.14981180076532,0.0
2000/01,Juill,0.0,7,Jul,26.0,2000,2001-07-01,88.61160789812314,157.67069791491846,0.0
2000/01,Aout,0.76,8,Aug,26.6,2000,2001-08-01,88.61160789812314,155.4269442977016,0.0
2001/02,Sep,17.75,9,Sep,23.2,2001,2001-09-01,84.44876539425246,106.76480128757242,0.0
2001/02,Oct,18.8,10,Oct,21.5,2001,2001-10-01,84.44876539425246,87.01012213873723,0.0
2001/02,Nov,142.98,11,Nov,13.3,2001,2001-11-01,84.44876539425246,31.427088314172757,111.55291168582724
2001/02,Dec,27.94,12,Dec,10.9,2001,2001-12-01,84.44876539425246,21.398233266860682,6.541766733139319
2001/02,Jan,3.05,1,Jan,10.4,2001,2002-01-01,84.44876539425246,20.063668866837787,0.0
2001/02,Fev,4.07,2,Feb,11.9,2001,2002-02-01,84.44876539425246,25.24761293898985,0.0
2001/02,Mars,17.53,3,Mar,14.2,2001,2002-03-01,84.44876539425246,42.48146841578972,0.0
2001/02,Avr,42.16,4,Apr,15.6,2001,2002-04-01,84.44876539425246,53.7991844931167,0.0
2001/02,Mai,58.42,5,May,18.4,2001,2002-05-01,84.44876539425246,81.2094374305529,0.0
2001/02,Juin,0.0,6,Jun,22.9,2001,2002-06-01,84.44876539425246,122.29190215738195,0.0
2001/02,Juill,2.29,7,Jul,25.3,2001,2002-07-01,84.44876539425246,150.02929592229745,0.0
2001/02,Aout,62.74,8,Aug,25.0,2001,2002-08-01,84.44876539425246,138.36807459943054,0.0
2002/03,Sep,0.0,9,Sep,22.7,2002,2002-09-01,87.89302593912088,101.48256007212144,0.0
2002/03,Oct,14.48,10,Oct,18.8,2002,2002-10-01,87.89302593912088,66.23193624215631,0.0
2002/03,Nov,69.08,11,Nov,15.5,2002,2002-11-01,87.89302593912088,40.31578966865747,28.764210331342525
2002/03,Dec,27.43,12,Dec,13.0,2002,2002-12-01,87.89302593912088,28.318216666501357,0.0
2002/03,Jan,88.15,1,Jan,10.1,2002,2003-01-01,87.89302593912088,17.802975546323275,70.34702445367674
2002/03,Fev,79.0,2,Feb,10.5,2002,2003-02-01,87.89302593912088,18.78819110574325,60.21180889425675
2002/03,Mars,18.04,3,Mar,14.0,2002,2003-03-01,87.89302593912088,39.63612115231955,0.0
2002/03,Avr,20.31,4,Apr,15.2,2002,2003-04-01,87.89302593912088,49.37991994234288,0.0
2002/03,Mai,15.49,5,May,19.1,2002,2003-05-01,87.89302593912088,85.17472144079287,0.0
2002/03,Juin,2.54,6,Jun,24.6,2002,2003-06-01,87.89302593912088,139.08102732688818,0.0
2002/03,Juill,1.02,7,Jul,27.1,2002,2003-07-01,87.89302593912088,170.8301712124505,0.0
2002/03,Aout,0.0,8,Aug,27.2,2002,2003-08-01,87.89302593912088,162.24077105253218,0.0
2003/04,Sep,8.89,9,Sep,23.2,2003,2003-09-01,84.11451050684164,106.85433967507824,0.0
2003/04,Oct,58.16,10,Oct,18.8,2003,2003-10-01,84.11451050684164,67.91757783428972,0.0
2003/04,Nov,51.05,11,Nov,14.6,2003,2003-11-01,84.11451050684164,37.53144384047759,13.518556159522404
2003/04,Dec,99.06,12,Dec,11.4,2003,2003-12-01,84.11451050684164,23.38889906011513,75.67110093988487
2003/04,Jan,19.05,1,Jan,11.2,2003,2004-01-01,84.11451050684164,23.160926859103636,0.0
2003/04,Fev,28.45,2,Feb,12.3,2003,2004-02-01,84.11451050684164,26.98381828436179,1.4661817156382106
2003/04,Mars,66.55,3,Mar,12.6,2003,2004-03-01,84.11451050684164,34.16516709908226,32.384832900917736
2003/04,Avr,25.91,4,Apr,14.4,2003,2004-04-01,84.11451050684164,46.53031588276272,0.0
2003/04,Mai,53.86,5,May,16.7,2003,2004-05-01,84.11451050684164,67.99593643307372,0.0
2003/04,Juin,4.57,6,Jun,23.2,2003,2004-06-01,84.11451050684164,125.39751200974945,0.0
2003/04,Juill,0.76,7,Jul,26.2,2003,2004-07-01,84.11451050684164,160.12965557153797,0.0
2003/04,Aout,2.03,8,Aug,27.1,2003,2004-08-01,84.11451050684164,160.76909036858618,0.0
2004/05,Sep,8.38,9,Sep,23.8,2004,2004-09-01,82.34416378851031,112.43984962769633,0.0
2004/05,Oct,28.19,10,Oct,20.4,2004,2004-10-01,82.34416378851031,79.7314252520717,0.0
2004/05,Nov,51.06,11,Nov,12.8,2004,2004-11-01,82.34416378851031,30.130372182203313,20.92962781779669
2004/05,Dec,73.42,12,Dec,10.4,2004,2004-12-01,82.34416378851031,20.357524315914823,53.06247568408518
2004/05,Jan,22.1,1,Jan,7.3,2004,2005-01-01,82.34416378851031,10.93105816743075,11.168941832569251
2004/05,Fev,55.38,2,Feb,8.3,2004,2005-02-01,82.34416378851031,13.523480629917675,41.856519370082324
2004/05,Mars,49.02,3,Mar,12.8,2004,2005-03-01,82.34416378851031,36.05285862870546,12.967141371294545
2004/05,Avr,12.96,4,Apr,14.9,2004,2005-04-01,82.34416378851031,50.54498291352385,0.0
2004/05,Mai,0.51,5,May,20.0,2004,2005-05-01,82.34416378851031,95.92498852461924,0.0
2004/05,Juin,0.76,6,Jun,23.4,2004,2005-06-01,82.34416378851031,127.93942227055992,0.0
2004/05,Juill,0.0,7,Jul,26.1,2004,2005-07-01,82.34416378851031,159.06750591661785,0.0
2004/05,Aout,0.0,8,Aug,26.0,2004,2005-08-01,82.34416378851031,148.95383778487061,0.0
2005/06,Sep,25.15,9,Sep,22.1,2005,2005-09-01,86.88945953665075,96.70801431875043,0.0
2005/06,Oct,5.08,10,Oct,19.5,2005,2005-10-01,86.88945953665075,71.50286079351396,0.0
2005/06,Nov,5.08,11,Nov,17.2,2005,2005-11-01,86.88945953665075,49.7063506267687,0.0
2005/06,Dec,6.61,12,Dec,10.7,2005,2005-12-01,86.88945953665075,19.8003903675676,0.0
2005/06,Jan,37.6,1,Jan,9.3,2005,2006-01-01,86.88945953665075,15.500864132245075,22.099135867754924
2005/06,Fev,53.33,2,Feb,10.5,2005,2006-02-01,86.88945953665075,19.136756232211035,34.193243767788964
2005/06,Mars,22.35,3,Mar,14.2,2005,2006-03-01,86.88945953665075,41.24252908186207,0.0
2005/06,Avr,8.12,4,Apr,17.0,2005,2006-04-01,86.88945953665075,61.82549848572531,0.0
2005/06,Mai,24.39,5,May,20.1,2005,2006-05-01,86.88945953665075,94.5010055096571,0.0
2005/06,Juin,3.05,6,Jun,22.4,2005,2006-06-01,86.88945953665075,116.45137535911854,0.0
2005/06,Juill,0.51,7,Jul,27.1,2005,2006-07-01,86.88945953665075,170.73408184176287,0.0
2005/06,Aout,3.05,8,Aug,26.1,2005,2006-08-01,86.88945953665075,149.84339554645587,0.0
2006/07,Sep,17.04,9,Sep,23.0,2006,2006-09-01,85.58163022636883,104.73838679588289,0.0
2006/07,Oct,13.2,10,Oct,20.7,2006,2006-10-01,85.58163022636883,80.64405247592622,0.0
2006/07,Nov,8.63,11,Nov,16.2,2006,2006-11-01,85.58163022636883,44.892094240312275,0.0
2006/07,Dec,35.05,12,Dec,11.4,2006,2006-12-01,85.58163022636883,22.835966297858178,12.214033702141819
2006/07,Jan,16.76,1,Jan,10.4,2006,2007-01-01,85.58163022636883,19.65609275297134,0.0
2006/07,Fev,21.89,2,Feb,13.3,2006,2007-02-01,85.58163022636883,30.593028078956635,0.0
2006/07,Mars,33.78,3,Mar,12.7,2006,2007-03-01,85.58163022636883,33.95477011735864,0.0
2006/07,Avr,92.2,4,Apr,14.4,2006,2007-04-01,85.58163022636883,45.73361918341322,46.466380816586785
2006/07,Mai,4.06,5,May,19.1,2006,2007-05-01,85.58163022636883,86.43885977953593,0.0
2006/07,Juin,0.0,6,Jun,22.2,2006,2007-06-01,85.58163022636883,114.98202878299705,0.0
2006/07,Juill,0.0,7,Jul,25.5,2006,2007-07-01,85.58163022636883,152.12923473222986,0.0
2006/07,Aout,0.76,8,Aug,25.9,2006,2007-08-01,85.58163022636883,147.72653514496048,0.0
2007/08,Sep,11.94,9,Sep,22.7,2007,2007-09-01,84.8704109823364,102.39267414753971,0.0
2007/08,Oct,55.87,10,Oct,18.6,2007,2007-10-01,84.8704109823364,66.24210193581561,0.0
2007/08,Nov,58.16,11,Nov,13.6,2007,2007-11-01,84.8704109823364,32.582961659822445,25.577038340177552
2007/08,Dec,8.12,12,Dec,10.6,2007,2007-12-01,84.8704109823364,20.163465516042795,0.0
2007/08,Jan,18.03,1,Jan,11.0,2007,2008-01-01,84.8704109823364,22.11408220813159,0.0
2007/08,Fev,27.18,2,Feb,12.3,2007,2008-02-01,84.8704109823364,26.683893013082123,0.49610698691787647
2007/08,Mars,16.76,3,Mar,13.7,2007,2008-03-01,84.8704109823364,39.525488534196334,0.0
2007/08,Avr,13.21,4,Apr,16.9,2007,2008-04-01,84.8704109823364,62.22030046442197,0.0
2007/08,Mai,33.02,5,May,18.0,2007,2008-05-01,84.8704109823364,77.70860057399472,0.0
2007/08,Juin,2.54,6,Jun,22.7,2007,2008-06-01,84.8704109823364,120.16158281609886,0.0
2007/08,Juill,0.0,7,Jul,26.5,2007,2008-07-01,84.8704109823364,163.5571307842429,0.0
2007/08,Aout,0.0,8,Aug,26.6,2007,2008-08-01,84.8704109823364,155.32351945780337,0.0
2008/09,Sep,32.24,9,Sep,23.4,2008,2008-09-01,87.51903522328838,107.70453567883227,0.0
2008/09,Oct,107.18,10,Oct,19.3,2008,2008-10-01,87.51903522328838,69.83593226291437,37.34406773708564
2008/09,Nov,73.67,11,Nov,12.4,2008,2008-11-01,87.51903522328838,26.35539012527044,47.31460987472956
2008/09,Dec,104.66,12,Dec,9.7,2008,2008-12-01,87.51903522328838,16.212414406590128,88.44758559340987
2008/09,Jan,111.27,1,Jan,10.3,2008,2009-01-01,87.51903522328838,18.61981787612449,92.65018212387551
2008/09,Fev,44.2,2,Feb,10.6,2008,2009-02-01,87.51903522328838,19.265639671758358,24.934360328241645
2008/09,Mars,13.0,3,Mar,19.81,2008,2009-03-01,87.51903522328838,77.62407290340956,0.0
2008/09,Avr,44.46,4,Apr,14.1,2008,2009-04-01,87.51903522328838,42.91488237966665,1.5451176203333503
2008/09,Mai,6.1,5,May,19.5,2008,2009-05-01,87.51903522328838,88.85049897088341,0.0
2008/09,Juin,2.04,6,Jun,23.8,2008,2009-06-01,87.51903522328838,130.58211904807467,0.0
2008/09,Juill,0.0,7,Jul,27.6,2008,2009-07-01,87.51903522328838,176.90414027597836,0.0
2008/09,Aout,0.0,8,Aug,25.9,2008,2009-08-01,87.51903522328838,147.62582705929447,0.0
2009/10,Sep,91.94,9,Sep,22.1,2009,2009-09-01,89.89144896766777,95.6915121088344,0.0
2009/10,Oct,2.03,10,Oct,20.0,2009,2009-10-01,89.89144896766777,73.8106711736546,0.0
2009/10,Nov,12.45,11,Nov,16.9,2009,2009-11-01,89.89144896766777,46.79414065809115,0.0
2009/10,Dec,40.41,12,Dec,13.8,2009,2009-12-01,89.89144896766777,30.959939307688497,9.4500606923115
2009/10,Jan,55.63,1,Jan,12.1,2009,2010-01-01,89.89144896766777,24.45159664846941,31.178403351530594
2009/10,Fev,36.38,2,Feb,13.6,2009,2010-02-01,89.89144896766777,30.140737289976137,6.239262710023866
2009/10,Mars,69.09,3,Mar,13.7,2009,2010-03-01,89.89144896766777,37.02375313599935,32.066246864000654
2009/10,Avr,28.19,4,Apr,16.3,2009,2010-04-01,89.89144896766777,55.4260929814583,0.0
2009/10,Mai,17.53,5,May,18.7,2009,2010-05-01,89.89144896766777,80.64453026100169,0.0
2009/10,Juin,14.48,6,Jun,22.2,2009,2010-06-01,89.89144896766777,113.30101634025736,0.0
2009/10,Juill,0.51,7,Jul,26.6,2009,2010-07-01,89.89144896766777,164.8702464629918,0.0
2009/10,Aout,14.73,8,Aug,27.0,2009,2010-08-01,89.89144896766777,160.11186199432564,0.0
2010/11,Sep,5.58,9,Sep,23.7,2010,2010-09-01,87.8549319187919,110.29691146220827,0.0
2010/11,Oct,61.2,10,Oct,18.3,2010,2010-10-01,87.8549319187919,62.8915474730194,0.0
2010/11,Nov,24.39,11,Nov,14.2,2010,2010-11-01,87.8549319187919,34.060471754265016,0.0
2010/11,Dec,42.43,12,Dec,12.8,2010,2010-12-01,87.8549319187919,27.49845884682154,14.931541153178461
2010/11,Jan,26.16,1,Jan,10.8,2010,2011-01-01,87.8549319187919,20.274927351591973,5.885072648408027
2010/11,Fev,30.98,2,Feb,10.6,2010,2011-02-01,87.8549319187919,19.148367724697028,11.831632275302972
2010/11,Mars,38.6,3,Mar,13.3,2010,2011-03-01,87.8549319187919,35.91871055124569,2.6812894487543133
2010/11,Avr,62.23,4,Apr,17.5,2010,2011-04-01,87.8549319187919,64.83350896448765,0.0
2010/11,Mai,58.42,5,May,19.9,2010,2011-05-01,87.8549319187919,92.21424403730214,0.0
2010/11,Juin,17.69,6,Jun,23.4,2010,2011-06-01,87.8549319187919,126.29491018818078,0.0
2010/11,Juill,0.0,7,Jul,26.3,2010,2011-07-01,87.8549319187919,161.2304601074036,0.0
2010/11,Aout,3.05,8,Aug,27.2,2010,2011-08-01,87.8549319187919,162.23678568431475,0.0
2011/12,Sep,3.05,9,Sep,23.2,2011,2011-09-01,85.21862360373837,106.55853698599918,0.0
2011/12,Oct,47.24,10,Oct,19.3,2011,2011-10-01,85.21862360373837,70.83118731160361,0.0
2011/12,Nov,69.08,11,Nov,14.8,2011,2011-11-01,85.21862360373837,38.01721204016422,31.06278795983578
2011/12,Dec,28.96,12,Dec,10.5,2011,2011-12-01,85.21862360373837,19.685783224899627,9.274216775100374
2011/12,Jan,20.57,1,Jan,8.8,2011,2012-01-01,85.21862360373837,14.459766295883353,6.110233704116647
2011/12,Fev,43.69,2,Feb,8.2,2011,2012-02-01,85.21862360373837,12.399970007521452,31.290029992478544
2011/12,Mars,23.11,3,Mar,12.1,2011,2012-03-01,85.21862360373837,31.166878637027835,0.0
2011/12,Avr,32.27,4,Apr,14.5,2011,2012-04-01,85.21862360373837,46.53098623374143,0.0
2011/12,Mai,8.89,5,May,20.0,2011,2012-05-01,85.21862360373837,94.45924226481536,0.0
2011/12,Juin,1.02,6,Jun,24.9,2011,2012-06-01,85.21862360373837,142.80402062241933,0.0
2011/12,Juill,4.06,7,Jul,26.3,2011,2012-07-01,85.21862360373837,161.2515669606828,0.0
2011/12,Aout,0.0,8,Aug,28.4,2011,2012-08-01,85.21862360373837,175.64854717095582,0.0
2012/13,Sep,36.83,9,Sep,23.5,2012,2012-09-01,81.64850280694765,110.04293898105631,0.0
2012/13,Oct,36.07,10,Oct,19.9,2012,2012-10-01,81.64850280694765,76.49300005516707,0.0
2012/13,Nov,132.86,11,Nov,15.3,2012,2012-11-01,81.64850280694765,42.00610922137473,90.85389077862528
2012/13,Dec,19.81,12,Dec,11.5,2012,2012-12-01,81.64850280694765,24.71978546173195,0.0
2012/13,Jan,100.07,1,Jan,11.1,2012,2013-01-01,81.64850280694765,23.7271014369112,76.3428985630888
2012/13,Fev,39.12,2,Feb,10.2,2012,2013-02-01,81.64850280694765,19.936538663257675,19.183461336742322
2012/13,Mars,65.53,3,Mar,13.8,2012,2013-03-01,81.64850280694765,41.70462454083117,23.825375459168832
2012/13,Avr,66.82,4,Apr,14.6,2012,2013-04-01,81.64850280694765,49.08845532005614,17.731544679943852
2012/13,Mai,46.47,5,May,17.2,2012,2013-05-01,81.64850280694765,73.28969947416287,0.0
2012/13,Juin,0.0,6,Jun,20.7,2012,2013-06-01,81.64850280694765,102.6573585724776,0.0
2012/13,Juill,0.76,7,Jul,24.4,2012,2013-07-01,81.64850280694765,140.847603171051,0.0
2012/13,Aout,0.5,8,Aug,25.9,2012,2013-08-01,81.64850280694765,147.9541954179951,0.0
2013/14,Sep,18.29,9,Sep,22.9,2013,2013-09-01,84.783725173927,104.11159224583658,0.0
2013/14,Oct,0.0,10,Oct,20.7,2013,2013-10-01,84.783725173927,80.94933575830808,0.0
2013/14,Nov,52.58,11,Nov,13.3,2013,2013-11-01,84.783725173927,31.28751752877442,21.29248247122558
2013/14,Dec,84.1,12,Dec,10.6,2013,2013-12-01,84.783725173927,20.194455409331287,63.90554459066871
2013/14,Jan,53.07,1,Jan,11.5,2013,2014-01-01,84.783725173927,24.065105196733615,29.004894803266385
2013/14,Fev,52.81,2,Feb,12.1,2013,2014-02-01,84.783725173927,25.912036572586974,26.89796342741303
2013/14,Mars,33.28,3,Mar,12.6,2013,2014-03-01,84.783725173927,33.83943126715237,0.0
2013/14,Avr,6.1,4,Apr,16.8,2013,2014-04-01,84.783725173927,61.5802315725728,0.0
2013/14,Mai,17.27,5,May,19.0,2013,2014-05-01,84.783725173927,86.02652205462226,0.0
2013/14,Juin,12.7,6,Jun,22.7,2013,2014-06-01,84.783725173927,120.19215607637594,0.0
2013/14,Juill,0.0,7,Jul,24.7,2013,2014-07-01,84.783725173927,143.4084402591704,0.0
2013/14,Aout,0.25,8,Aug,26.3,2013,2014-08-01,84.783725173927,152.06384708393557,0.0
2014/15,Sep,17.75,9,Sep,22.7,2014,2014-09-01,86.38780727887095,101.93624515839929,0.0
2014/15,Oct,57.4,10,Oct,20.0,2014,2014-10-01,86.38780727887095,75.25159190801367,0.0
2014/15,Nov,21.6,11,Nov,15.9,2014,2014-11-01,86.38780727887095,42.992493731258776,0.0
2014/15,Dec,19.76,12,Dec,10.3,2014,2014-12-01,86.38780727887095,18.58289560819766,1.1771043918023416
2014/15,Jan,81.2,1,Jan,10.8,2014,2015-01-01,86.38780727887095,20.8087146326382,60.3912853673618
2014/15,Fev,51.34,2,Feb,10.2,2014,2015-02-01,86.38780727887095,18.277183484119444,33.062816515880556
2014/15,Mars,78.14,3,Mar,13.2,2014,2015-03-01,86.38780727887095,36.11968220337451,42.02031779662549
2014/15,Avr,25.78,4,Apr,15.4,2014,2015-04-01,86.38780727887095,51.461507912676,0.0
2014/15,Mai,24.61,5,May,19.0,2014,2015-05-01,86.38780727887095,85.14470207339866,0.0
2014/15,Juin,5.64,6,Jun,24.9,2014,2015-06-01,86.38780727887095,142.61489572666318,0.0
2014/15,Juill,4.07,7,Jul,26.0,2014,2015-07-01,86.38780727887095,157.76292619617834,0.0
2014/15,Aout,2.7,8,Aug,26.6,2014,2015-08-01,86.38780727887095,155.360669816151,0.0
2015/16,Sep,25.15,9,Sep,23.2,2015,2015-09-01,86.25500063120735,106.28073532676426,0.0
2015/16,Oct,21.65,10,Oct,17.7,2015,2015-10-01,86.25500063120735,59.72385696607958,0.0
2015/16,Nov,69.48,11,Nov,14.6,2015,2015-11-01,86.25500063120735,36.61602178727447,32.863978212725534
2015/16,Dec,36.67,12,Dec,11.7,2015,2015-12-01,86.25500063120735,23.725354443835585,12.944645556164417
2015/16,Jan,39.25,1,Jan,12.3,2015,2016-01-01,86.25500063120735,26.69563168183174,12.554368318168262
2015/16,Fev,49.28,2,Feb,13.3,2015,2016-02-01,86.25500063120735,30.317477777648318,18.962522222351684
2015/16,Mars,48.4,3,Mar,14.2,2015,2016-03-01,86.25500063120735,41.563526896372046,6.836473103627952
2015/16,Avr,29.4,4,Apr,14.4,2015,2016-04-01,86.25500063120735,45.3693036217123,0.0
2015/16,Mai,46.12,5,May,18.0,2015,2016-05-01,86.25500063120735,76.9080252721162,0.0
2015/16,Juin,8.64,6,Jun,24.6,2015,2016-06-01,86.25500063120735,139.39285677009306,0.0
2015/16,Juill,2.39,7,Jul,26.2,2015,2016-07-01,86.25500063120735,160.07969597099145,0.0
2015/16,Aout,4.12,8,Aug,25.9,2015,2016-08-01,86.25500063120735,147.69070156970247,0.0
2016/17,Sep,19.07,9,Sep,21.1,2016,2016-09-01,87.7137685353072,88.199756379247,0.0
2016/17,Oct,38.12,10,Oct,17.8,2016,2016-10-01,87.7137685353072,59.68428097933419,0.0
2016/17,Nov,40.31,11,Nov,16.9,2016,2016-11-01,87.7137685353072,47.71469962705885,0.0
2016/17,Dec,73.14,12,Dec,13.8,2016,2016-12-01,87.7137685353072,31.851618627211096,41.288381372788905
2016/17,Jan,91.35,1,Jan,11.0,2016,2017-01-01,87.7137685353072,21.057381824727088,70.2926181752729
2016/17,Fev,75.15,2,Feb,12.1,2016,2017-02-01,87.7137685353072,24.77334269301962,50.376657306980384
2016/17,Mars,32.8,3,Mar,13.7,2016,2017-03-01,87.7137685353072,38.1022624138809,0.0
2016/17,Avr,44.58,4,Apr,16.8,2016,2017-04-01,87.7137685353072,59.99914928172602,0.0
2016/17,Mai,15.14,5,May,17.0,2016,2017-05-01,87.7137685353072,68.13293987618181,0.0
2016/17,Juin,10.24,6,Jun,22.2,2016,2017-06-01,87.7137685353072,114.15218387547561,0.0
2016/17,Juill,1.04,7,Jul,27.6,2016,2017-07-01,87.7137685353072,176.9361936883238,0.0
2016/17,Aout,0.28,8,Aug,28.4,2016,2017-08-01,87.7137685353072,176.29165537636095,0.0
2017/18,Sep,1.0,9,Sep,23.2,2017,2017-09-01,82.94344569001976,107.16799852906179,0.0
2017/18,Oct,15.0,10,Oct,19.9,2017,2017-10-01,82.94344569001976,75.95977240513234,0.0
2017/18,Nov,7.6,11,Nov,13.9,2017,2017-11-01,82.94344569001976,34.758436482182056,0.0
2017/18,Dec,35.3,12,Dec,10.8,2017,2017-12-01,82.94344569001976,21.58526934132542,13.714730658674576
2017/18,Jan,38.4,1,Jan,11.0,2017,2018-01-01,82.94344569001976,22.844454600701155,15.555545399298843
2017/18,Fev,31.2,2,Feb,10.1,2017,2018-02-01,82.94344569001976,19.126961687471685,12.073038312528315
2017/18,Mars,81.0,3,Mar,13.9,2017,2018-03-01,82.94344569001976,41.59062453888715,39.40937546111285
2017/18,Avr,76.8,4,Apr,14.9,2017,2018-04-01,82.94344569001976,50.215483101558156,26.58451689844184
2017/18,Mai,15.1,5,May,17.4,2017,2018-05-01,82.94344569001976,74.07249308975749,0.0
2017/18,Juin,8.7,6,Jun,21.8,2017,2018-06-01,82.94344569001976,112.20184882158742,0.0
2017/18,Juill,0.0,7,Jul,25.6,2017,2018-07-01,82.94344569001976,153.5012384200127,0.0
2017/18,Aout,0.5,8,Aug,27.0,2017,2018-08-01,82.94344569001976,159.59415986858534,0.0
2018/19,Sep,15.2,9,Sep,24.1,2018,2018-09-01,84.40711843848419,114.61558584612396,0.0
2018/19,Oct,79.3,10,Oct,18.6,2018,2018-10-01,84.40711843848419,66.45088074956537,12.849119250434626
2018/19,Nov,44.4,11,Nov,14.3,2018,2018-11-01,84.40711843848419,35.9877674516596,8.412232548340398
2018/19,Dec,2.0,12,Dec,11.6,2018,2018-12-01,84.40711843848419,24.04411644464832,0.0
2018/19,Jan,63.2,1,Jan,9.8,2018,2019-01-01,84.40711843848419,17.97603826955917,45.223961730440834
2018/19,Fev,10.9,2,Feb,10.5,2018,2019-02-01,84.40711843848419,20.012802892442636,0.0
2018/19,Mars,6.3,3,Mar,13.3,2018,2019-03-01,84.40711843848419,37.62524333500573,0.0
2018/19,Avr,34.5,4,Apr,15.4,2018,2019-04-01,84.40711843848419,52.5445638781641,0.0
2018/19,Mai,26.9,5,May,20.0,2018,2019-05-01,84.40711843848419,94.87349304922822,0.0
2018/19,Juin,0.3,6,Jun,22.0,2018,2019-06-01,84.40711843848419,113.50951493243494,0.0
2018/19,Juill,8.2,7,Jul,25.8,2018,2019-07-01,84.40711843848419,155.60124931523112,0.0
2018/19,Aout,1.0,8,Aug,26.5,2018,2019-08-01,84.40711843848419,154.22830937721125,0.0
2019/20,Sep,8.4,9,Sep,23.5,2019,2019-09-01,88.92220925140685,108.24392898047486,0.0
2019/20,Oct,56.0,10,Oct,19.1,2019,2019-10-01,88.92220925140685,67.83490726012438,0.0
2019/20,Nov,59.7,11,Nov,14.6,2019,2019-11-01,88.92220925140685,35.48394871970967,24.21605128029033
2019/20,Dec,24.7,12,Dec,12.9,2019,2019-12-01,88.92220925140685,27.490298906845087,0.0
2019/20,Jan,17.4,1,Jan,9.2,2019,2020-01-01,88.92220925140685,14.548046167463887,2.851953832536111
2019/20,Fev,0.0,2,Feb,12.5,2019,2020-02-01,88.92220925140685,25.90239180318579,0.0
2019/20,Mars,9.0,3,Mar,14.6,2019,2020-03-01,88.92220925140685,42.45874491837681,0.0
2019/20,Avr,108.7,4,Apr,15.9,2019,2020-04-01,88.92220925140685,53.303764687973974,55.39623531202603
2019/20,Mai,28.2,5,May,20.0,2019,2020-05-01,88.92220925140685,92.5627072376123,0.0
2019/20,Juin,0.0,6,Jun,23.1,2019,2020-06-01,88.92220925140685,122.84431375131777,0.0
2019/20,Juill,0.3,7,Jul,27.0,2019,2020-07-01,88.92220925140685,169.70431868829698,0.0
2019/20,Aout,2.0,8,Aug,27.4,2019,2020-08-01,88.92220925140685,164.68743854897286,0.0
2020/21,Sep,0.0,9,Sep,24.0,2020,2020-09-01,89.37145319075033,112.68789625631476,0.0
2020/21,Oct,2.5,10,Oct,18.1,2020,2020-10-01,89.37145319075033,60.87129818510069,0.0
2020/21,Nov,1.0,11,Nov,15.8,2020,2020-11-01,89.37145319075033,41.20382295943553,0.0
2020/21,Dec,34.5,12,Dec,12.5,2020,2020-12-01,89.37145319075033,25.67731603521014,8.82268396478986
2020/21,Jan,34.6,1,Jan,11.5,2020,2021-01-01,89.37145319075033,22.3145494375614,12.285450562438601
2020/21,Fev,2.0,2,Feb,14.0,2020,2021-02-01,89.37145319075033,32.12636739761213,0.0
2020/21,Mars,23.6,3,Mar,13.8,2020,2021-03-01,89.37145319075033,37.81560142246165,0.0
2020/21,Avr,32.6,4,Apr,16.2,2020,2021-04-01,89.37145319075033,55.039808206534765,0.0
2020/21,Mai,10.4,5,May,20.0,2020,2021-05-01,89.37145319075033,92.33185730345518,0.0
2020/21,Juin,7.2,6,Jun,22.4,2020,2021-06-01,89.37145319075033,115.5174849653523,0.0
2020/21,Juill,0.0,7,Jul,26.8,2020,2021-07-01,89.37145319075033,167.28864095080064,0.0
2020/21,Aout,0.3,8,Aug,26.5,2020,2021-08-01,89.37145319075033,154.30939992536454,0.0
2021/22,Sep,2.3,9,Sep,24.1,2021,2021-09-01,88.72655872760646,113.7404019891488,0.0
2021/22,Oct,0.3,10,Oct,18.8,2021,2021-10-01,88.72655872760646,65.85936871053818,0.0
2021/22,Nov,27.6,11,Nov,13.3,2021,2021-11-01,88.72655872760646,29.66141754667937,0.0
2021/22,Dec,34.8,12,Dec,12.2,2021,2021-12-01,88.72655872760646,24.730357213567537,10.06964278643246
2021/22,Jan,15.8,1,Jan,10.0,2021,2022-01-01,88.72655872760646,17.18342627208604,0.0
2021/22,Fev,3.0,2,Feb,12.3,2021,2022-02-01,88.72655872760646,25.175608984237705,0.0
2021/22,Mars,78.9,3,Mar,13.7,2021,2022-03-01,88.72655872760646,37.599449460272474,41.30055053972753
2021/22,Avr,31.0,4,Apr,14.7,2021,2022-04-01,88.72655872760646,45.84302230396479,0.0
2021/22,Mai,37.4,5,May,20.8,2021,2022-05-01,88.72655872760646,100.01594520558665,0.0
2021/22,Juin,8.1,6,Jun,24.3,2021,2022-06-01,88.72655872760646,135.64361299365453,0.0
2021/22,Juill,1.0,7,Jul,26.8,2021,2022-07-01,88.72655872760646,167.24861046163042,0.0
2021/22,Aout,0.0,8,Aug,27.8,2021,2022-08-01,88.72655872760646,169.3735065947898,0.0
2022/23,Sep,6.8,9,Sep,24.2,2022,2022-09-01,97.73444592414997,112.90376503378627,0.0
2022/23,Oct,10.1,10,Oct,22.5,2022,2022-10-01,97.73444592414997,90.73741728525376,0.0
2022/23,Nov,14.7,11,Nov,16.9,2022,2022-11-01,97.73444592414997,43.48204155173587,0.0
2022/23,Dec,30.7,12,Dec,14.8,2022,2022-12-01,97.73444592414997,32.29745474505975,0.0
2022/23,Jan,53.1,1,Jan,10.7,2022,2023-01-01,97.73444592414997,16.52175961487443,36.57824038512557
2022/23,Fev,37.3,2,Feb,12.0,2022,2023-02-01,97.73444592414997,20.669622192195654,16.630377807804344
2022/23,Mars,0.6,3,Mar,15.0,2022,2023-03-01,97.73444592414997,40.32117478266795,0.0
2022/23,Avr,0.0,4,Apr,18.4,2022,2023-04-01,97.73444592414997,66.32970484763385,0.0
2022/23,Mai,7.6,5,May,19.9,2022,2023-05-01,97.73444592414997,87.04986932976057,0.0
2022/23,Juin,11.5,6,Jun,24.1,2022,2023-06-01,97.73444592414997,131.32919777101586,0.0
2022/23,Juill,0.0,7,Jul,28.6,2022,2023-07-01,97.73444592414997,192.95051924523,0.0
2022/23,Aout,0.0,8,Aug,27.6,2022,2023-08-01,97.73444592414997,168.62226097998544,0.0
2023/24,Sep,22.8,9,Sep,22.9,2023,2023-09-01,95.11197981629253,101.11244810621845,0.0
2023/24,Oct,15.8,10,Oct,20.9,2023,2023-10-01,95.11197981629253,78.51265152258628,0.0
2023/24,Nov,1.6,11,Nov,15.4,2023,2023-11-01,95.11197981629253,36.750939211590726,0.0
2023/24,Dec,2.2,12,Dec,12.8,2023,2023-12-01,95.11197981629253,24.67428337890222,0.0
2023/24,Jan,14.9,1,Jan,13.1,2023,2024-01-01,95.11197981629253,26.496320103455673,0.0
2023/24,Fev,38.7,2,Feb,14.1,2023,2024-02-01,95.11197981629253,30.23258599391095,8.467414006089054
2023/24,Mars,17.0,3,Mar,16.6,2023,2024-03-01,95.11197981629253,51.40303863605781,0.0
2023/24,Avr,1.3,4,Apr,17.5,2023,2024-04-01,95.11197981629253,60.98299546660958,0.0
2023/24,Mai,0.3,5,May,19.9,2023,2024-05-01,95.11197981629253,88.43416865449902,0.0
2023/24,Juin,1.0,6,Jun,22.9,2023,2024-06-01,95.11197981629253,118.6591902985845,0.0
2023/24,Juill,0.0,7,Jul,27.5,2023,2024-07-01,95.11197981629253,176.94111763638676,0.0
2023/24,Aout,7.9,8,Aug,27.9,2023,2024-08-01,95.11197981629253,171.94205477777484,0.0
2024/25,Sep,7.6,9,Sep,23.7,2024,2024-09-01,94.64192630676274,108.70967683566025,0.0
2024/25,Oct,0.3,10,Oct,20.1,2024,2024-10-01,94.64192630676274,72.58525134404623,0.0
2024/25,Nov,1.1,11,Nov,17.8,2024,2024-11-01,94.64192630676274,49.86620915635039,0.0
2024/25,Dec,0.0,12,Dec,11.6,2024,2024-12-01,94.64192630676274,20.272052334983762,0.0
2024/25,Jan,33.6,1,Jan,12.0,2024,2025-01-01,94.64192630676274,22.252925555995418,11.347074444004583
2024/25,Fev,63.7,2,Feb,12.9,2024,2025-02-01,94.64192630676274,25.306801032131908,38.393198967868095
2024/25,Mars,35.7,3,Mar,14.5,2024,2025-03-01,94.64192630676274,39.030562073715856,0.0
2024/25,Avr,28.0,4,Apr,17.0,2024,2025-04-01,94.64192630676274,57.666668432157635,0.0
2024/25,Mai,13.2,5,May,20.2,2024,2025-05-01,94.64192630676274,91.47078820918654,0.0
2024/25,Juin,0.3,6,Jun,26.2,2024,2025-06-01,94.64192630676274,157.00703963040053,0.0
2024/25,Juill,0.0,7,Jul,27.0,2024,2025-07-01,94.64192630676274,170.26413023473714,0.0
2024/25,Aout,3.0,8,Aug,26.8,2024,2025-08-01,94.64192630676274,158.10557248598133,0.0
